{
    "labels": [
        [
            0,
            0,
            0
        ],
        [
            6.5,
            0.0,
            1.0
        ],
        [
            4.3,
            4.3,
            5.5
        ],
        [
            0,
            0,
            0
        ],
        [
            0,
            0,
            0
        ],
        [
            0,
            0,
            0
        ],
        [
            1,
            0.9999999999999997,
            1.5
        ],
        [
            4.6,
            4.6,
            1.0
        ]
    ],
    "vertices": [
        [
            3,
            0,
            2
        ],
        [
            3,
            0,
            0
        ],
        [
            10,
            0,
            2
        ],
        [
            10,
            0,
            0
        ],
        [
            2.220446049250313e-16,
            3.0,
            2.0
        ],
        [
            10,
            10,
            2
        ],
        [
            -2.220446049250313e-16,
            10.0,
            2.0
        ],
        [
            10,
            10,
            10
        ],
        [
            -8.881784197001252e-16,
            10.0,
            10.0
        ],
        [
            -2.220446049250313e-16,
            0.0,
            5.0
        ],
        [
            10,
            0,
            10
        ],
        [
            -4.440892098500626e-16,
            0.0,
            10.0
        ],
        [
            2.220446049250313e-16,
            2.999999999999999,
            0.0
        ],
        [
            0,
            0,
            0
        ],
        [
            10,
            10,
            0
        ],
        [
            -2.220446049250313e-16,
            10.0,
            0.0
        ]
    ],
    "facets": [
        [
            0,
            1
        ],
        [
            0,
            4,
            1,
            12
        ],
        [
            0,
            4,
            9
        ],
        [
            0,
            1,
            2,
            3
        ],
        [
            0,
            2
        ],
        [
            0,
            4,
            5,
            6,
            2
        ]
    ],
    "bundles": [
        "{3}",
        "{1}",
        "{1,2,3}",
        "{2}",
        "{1,3}",
        "{2,3}",
        "∅",
        "{1,2}"
    ]
}